Numero de threads, Tempo de Execução (s)
1,18.8477
2,10.3226
3,7.85723
4,6.57869
5,6.08313
6,5.94298
7,6.58215
8,6.5801
9,6.80963
