Tamanho do vetor, Tempo de Execução (s)
400,0.189831
800,0.800198
1200,1.72197
1600,2.95207
2000,4.61375
2400,6.74228
2800,9.15446
3200,11.9676
3600,15.2323
