Tamanho do vetor, Tempo de Execução (s)
400,0.057364
800,0.268708
1200,0.507399
1600,0.898729
2000,1.37005
2400,1.94622
2800,2.88529
3200,4.04255
3600,5.5195
