Tamanho do vetor, Tempo de Execução (s)
400,0.089875
800,0.279583
1200,0.536399
1600,0.8025
2000,1.59982
2400,2.92374
2800,4.55426
3200,5.55093
3600,6.54239
