Tamanho do vetor, Tempo de Execução (s)
400,0.111886
800,0.444476
1200,0.98244
1600,1.76965
2000,2.48021
2400,3.77466
2800,4.99372
3200,6.55789
3600,8.33976
