Tamanho do vetor, Tempo de Execução (s)
400,0.066377
800,0.314273
1200,0.498743
1600,0.994295
2000,1.44743
2400,2.25805
2800,3.31266
3200,4.76699
3600,6.54303
