Tamanho do vetor, Tempo de Execução (s)
400,0.078903
800,0.337509
1200,0.843375
1600,1.32736
2000,1.95269
2400,2.77984
2800,3.78931
3200,5.1227
3600,6.42742
