Tamanho do vetor, Tempo de Execução (s)
400,0.090763
800,0.3052
1200,0.647563
1600,0.968366
2000,1.4375
2400,2.28976
2800,3.42015
3200,4.97632
3600,6.70839
