Tamanho do vetor, Tempo de Execução (s)
400,0.069798
800,0.265127
1200,0.640906
1600,1.07881
2000,1.66538
2400,2.2828
2800,3.13463
3200,4.61833
3600,5.44032
