Tamanho do vetor, Tempo de Execução (s)
400,0.095758
800,0.322389
1200,0.549151
1600,1.01912
2000,1.47599
2400,2.25497
2800,3.4832
3200,5.0108
3600,6.83022
