Tamanho do vetor, Tempo de Execução (s)
400,0.077747
800,0.258992
1200,0.617771
1600,0.943153
2000,1.49076
2400,2.07924
2800,2.9255
3200,3.89786
3600,5.4076
