Tamanho do vetor, Tempo de Execução (s)
400,0.090658
800,0.228981
1200,0.542404
1600,0.936017
2000,1.56167
2400,2.54645
2800,3.56156
3200,5.06291
3600,6.84649
