Tamanho do vetor, Tempo de Execução (s)
400,0.06876
800,0.265454
1200,0.620296
1600,0.873585
2000,1.39955
2400,1.87166
2800,2.54553
3200,3.49518
3600,4.65262
