Tamanho do vetor, Tempo de Execução (s)
400,0.103353
800,0.331648
1200,0.551249
1600,0.908889
2000,1.39079
2400,2.3004
2800,3.65528
3200,5.10391
3600,6.82695
