Tamanho do vetor, Tempo de Execução (s)
400,0.060835
800,0.240518
1200,0.670515
1600,0.955926
2000,1.41291
2400,2.06341
2800,2.90466
3200,3.86826
3600,5.62469
