Tamanho do vetor, Tempo de Execução (s)
400,0.11677
800,0.32327
1200,0.484098
1600,0.945062
2000,1.41165
2400,2.25378
2800,3.49958
3200,5.13309
3600,6.7814
