Tamanho do vetor, Tempo de Execução (s)
400,0.111091
800,0.245293
1200,0.533481
1600,0.901582
2000,1.40028
2400,1.9463
2800,2.7862
3200,3.86749
3600,5.06813
