Tamanho do vetor, Tempo de Execução (s)
400,0.110229
800,0.348839
1200,0.543905
1600,0.931602
2000,1.4031
2400,2.30572
2800,3.65412
3200,5.17094
3600,7.0559
