Tamanho do vetor, Tempo de Execução (s)
400,0.059438
800,0.259101
1200,0.493931
1600,0.93183
2000,1.29938
2400,1.88904
2800,2.77757
3200,3.83871
3600,5.15215
