Tamanho do vetor, Tempo de Execução (s)
400,0.096759
800,0.322901
1200,0.573048
1600,0.887705
2000,1.37469
2400,2.41722
2800,3.73692
3200,5.43834
3600,7.12653
